--일괄삭제
DROP TABLE PROFILES;
DROP TABLE LICENSE;

DROP TABLE MEM_RESUME;

DROP TABLE LIKE_COMPANY;

DROP TABLE MEM_INFO;


-- 개인 회원가입

CREATE TABLE MEM_INFO(
    MEM_EMAIL        VARCHAR2(100)    NOT NULL, 
    MEM_PASS         VARCHAR2(100)    NOT NULL, 
    MEM_NAME         VARCHAR2(100)    NOT NULL, 
    MEM_AGE          VARCHAR2(100)    NOT NULL,
    MEM_GENDER       VARCHAR2(100)    NOT NULL, 
    MEM_BIRTH        DATE             NOT NULL,
    MEM_TEL1         VARCHAR2(100)    NOT NULL, 
    MEM_TEL2         VARCHAR2(100)    DEFAULT '없음', 
    MEM_ADDR         VARCHAR2(100)    NOT NULL, 
    DEL_YN           VARCHAR2(100)    DEFAULT 'N',
    MEM_JOIN_DATE    DATE             DEFAULT SYSDATE,
    IS_ADMIN         VARCHAR2(100)    DEFAULT 'N',
    MEM_IMAGE        VARCHAR2(50)     NULL,
    SESSION_ID       VARCHAR2(100)    DEFAULT 'none',
    CONSTRAINT MEM_INFO_PK PRIMARY KEY (MEM_EMAIL)
);

INSERT INTO MEM_INFO (MEM_GENDER, MEM_AGE, MEM_EMAIL, MEM_PASS, MEM_NAME, MEM_TEL1, MEM_ADDR, IS_ADMIN, MEM_BIRTH)VALUES ('M', 0, 'admin@admin', 'admin', '관리자', '0', 'admin', 'Y','1995-03-27'); 
INSERT INTO MEM_INFO (MEM_GENDER, MEM_AGE, MEM_EMAIL, MEM_PASS, MEM_NAME, MEM_TEL1, MEM_ADDR, MEM_BIRTH)VALUES ('M', 26, 'gksdudrms0@naver.com', '123123', '한인식', '010-4654-3480', '울산','1995-03-27'); 
INSERT INTO MEM_INFO (MEM_GENDER, MEM_AGE, MEM_EMAIL, MEM_PASS, MEM_NAME, MEM_TEL1, MEM_ADDR, MEM_BIRTH)VALUES ('W', 23, 'shyj221@naver.com', '123456', '이유정', '01011111111', '울산', '1998-02-03');
INSERT INTO MEM_INFO (MEM_GENDER, MEM_AGE, MEM_EMAIL, MEM_PASS, MEM_NAME, MEM_TEL1, MEM_ADDR, MEM_BIRTH)VALUES ('M', 30, 'gijun@naver.com', '123456', '권기준', '01011111111', '울산', '1992-02-03');
INSERT INTO MEM_INFO (MEM_GENDER, MEM_AGE, MEM_EMAIL, MEM_PASS, MEM_NAME, MEM_TEL1, MEM_ADDR, MEM_BIRTH)VALUES ('M', 25, 'junwoo@naver.com', '123456', '이준우', '01011111111', '울산', '1996-02-03');


COMMENT ON TABLE MEM_INFO IS '개인회원(회원가입)';
COMMENT ON COLUMN MEM_INFO.MEM_EMAIL IS '이메일(아이디)';
COMMENT ON COLUMN MEM_INFO.MEM_PASS IS '회원 비밀번호';
COMMENT ON COLUMN MEM_INFO.MEM_NAME IS '이름';
COMMENT ON COLUMN MEM_INFO.MEM_AGE IS '나이';
COMMENT ON COLUMN MEM_INFO.MEM_GENDER IS '성별';
COMMENT ON COLUMN MEM_INFO.MEM_BIRTH IS '생년월일';
COMMENT ON COLUMN MEM_INFO.MEM_TEL1 IS '연락처1(휴대폰)';
COMMENT ON COLUMN MEM_INFO.MEM_TEL2 IS '연락처2(집전화)';
COMMENT ON COLUMN MEM_INFO.MEM_ADDR IS '주소';
COMMENT ON COLUMN MEM_INFO.DEL_YN IS '회원탈퇴여부';
COMMENT ON COLUMN MEM_INFO.MEM_JOIN_DATE IS '가입날짜';
COMMENT ON COLUMN MEM_INFO.IS_ADMIN IS '관계자여부';
COMMENT ON COLUMN MEM_INFO.MEM_IMAGE IS '증명사진';
COMMENT ON COLUMN MEM_INFO.SESSION_ID IS '자동로그인';

-------------------------------------------------------------------------------------

-- 이력서 모음
CREATE TABLE MEM_RESUME(
    RESUME_NUM      NUMBER        NOT NULL,
    RESUME_NAME     VARCHAR2(40)  ,
    RESUME_DATE     DATE          DEFAULT SYSDATE,
    EDU_GRADE       VARCHAR2(100) NOT NULL,
    EDU_SCHOOL      VARCHAR2(100) NOT NULL,
    EDU_LOC         VARCHAR2(100) NOT NULL,
    EDU_TYPE        VARCHAR2(100) DEFAULT '',
    EDU_MAJOR       VARCHAR(100)  DEFAULT '',
    EDU_BEGIN_DATE  VARCHAR2(100) NOT NULL,
    EDU_END_DATE    VARCHAR2(100) ,
    EDU_IS_OVER     VARCHAR2(100) ,
    EDU_SCORE       NUMBER        DEFAULT '0',
    BE_COMPANY      VARCHAR2(100) DEFAULT '없음',
    BE_CAREER       NUMBER        DEFAULT '0',
    BE_TYPE         VARCHAR2(100) DEFAULT '',
    BE_POSITION     VARCHAR2(100) DEFAULT '',
    HOPE_TYPE       VARCHAR2(100) NOT NULL,
    HOPE_SAL        NUMBER        NOT NULL,
    HOPE_LOC        VARCHAR2(100) NOT NULL,
    HOPE_TIME       VARCHAR2(100) NOT NULL,
    MEM_EMAIL       VARCHAR2(100) NOT NULL,
    CONSTRAINT RESUME_PK PRIMARY KEY (RESUME_NUM),
    CONSTRAINT FK_RESUME_EMAIL FOREIGN KEY (MEM_EMAIL) REFERENCES MEM_INFO (MEM_EMAIL)
);

COMMENT ON TABLE MEM_RESUME IS '이력서 모음';
COMMENT ON COLUMN MEM_RESUME.RESUME_NUM IS '이력서 식별번호';
COMMENT ON COLUMN MEM_RESUME.RESUME_NAME IS '이력서 제목';
COMMENT ON COLUMN MEM_RESUME.RESUME_DATE IS '이력서 갱신일';
COMMENT ON COLUMN MEM_RESUME.EDU_GRADE IS '학력';
COMMENT ON COLUMN MEM_RESUME.EDU_SCHOOL IS '학교';
COMMENT ON COLUMN MEM_RESUME.EDU_LOC IS '지역';
COMMENT ON COLUMN MEM_RESUME.EDU_TYPE IS '전공';
COMMENT ON COLUMN MEM_RESUME.EDU_MAJOR IS '학과';
COMMENT ON COLUMN MEM_RESUME.EDU_BEGIN_DATE IS '재학기간';
COMMENT ON COLUMN MEM_RESUME.EDU_END_DATE IS '졸업기간';
COMMENT ON COLUMN MEM_RESUME.EDU_IS_OVER IS '졸업여부';
COMMENT ON COLUMN MEM_RESUME.EDU_SCORE IS '학점';
COMMENT ON COLUMN MEM_RESUME.BE_COMPANY IS '이전회사명';
COMMENT ON COLUMN MEM_RESUME.BE_CAREER IS '경력기간';
COMMENT ON COLUMN MEM_RESUME.BE_TYPE IS '경력직종';
COMMENT ON COLUMN MEM_RESUME.BE_POSITION IS '경력직책';
COMMENT ON COLUMN MEM_RESUME.HOPE_TYPE IS '희망직종';
COMMENT ON COLUMN MEM_RESUME.HOPE_SAL IS '희망급여';
COMMENT ON COLUMN MEM_RESUME.HOPE_LOC IS '희망근무지';
COMMENT ON COLUMN MEM_RESUME.HOPE_TIME IS '희망근무시간';
COMMENT ON COLUMN MEM_RESUME.MEM_EMAIL IS '이메일(FK)';

--eduGrade 옵션 : 고등학교 / 대학교(2,3년제) / 대학교(4년제)
--eduType 옵션 : 어문계열 / 인문과학계열 / 사회과학계열 / 예/체능계열 / 공학계열 / 정보통신계열 / 의학계열
--eduIsOver 옵션 : 졸업예정 / 졸업 / 휴학 / 중퇴
--beType 옵션 : 경영.사무 / 영업.고객상담 / IT.인터넷 / 디자인 / 서비스 / 전문직 / 의료 / 건설 / 교육 / 생산.제조
--hopeType 옵션 : 경영.사무 / 영업.고객상담 / IT.인터넷 / 디자인 / 서비스 / 전문직 / 의료 / 건설 / 교육 / 생산.제조

INSERT INTO MEM_RESUME (RESUME_NUM, RESUME_NAME, RESUME_DATE, EDU_GRADE, EDU_SCHOOL, EDU_LOC, EDU_TYPE, EDU_MAJOR, EDU_BEGIN_DATE, EDU_END_DATE, EDU_IS_OVER, EDU_SCORE, BE_COMPANY, BE_CAREER, BE_TYPE, BE_POSITION, HOPE_TYPE, HOPE_SAL, HOPE_LOC, HOPE_TIME, MEM_EMAIL) 
    VALUES (1, '한인식의 이력서1', SYSDATE, '대학교(2,3년제)', '울산과학대학교', '울산', '공학계열', '전기학과', '2014-03-01', '2020-02-14', '졸업', 3.9, '삼미기계', 2, '생산.제조', '조립', 'IT.인터넷', '10000', '서울', '주3일', 'gksdudrms0@naver.com');
INSERT INTO MEM_RESUME (RESUME_NUM, RESUME_NAME, RESUME_DATE, EDU_GRADE, EDU_SCHOOL, EDU_LOC, EDU_TYPE, EDU_MAJOR, EDU_BEGIN_DATE, EDU_END_DATE, EDU_IS_OVER, EDU_SCORE, BE_COMPANY, BE_CAREER, BE_TYPE, BE_POSITION, HOPE_TYPE, HOPE_SAL, HOPE_LOC, HOPE_TIME, MEM_EMAIL) 
    VALUES (2, '한인식의 이력서2', SYSDATE, '대학교(2,3년제)', '울산과학대학교', '울산', '공학계열', '전기학과', '2014-03-01', '2020-02-14', '졸업', 3.9, '삼미기계', 2, '생산.제조', '조립', 'IT.인터넷', '10000', '서울', '주3일', 'gksdudrms0@naver.com');
INSERT INTO MEM_RESUME (RESUME_NUM, RESUME_NAME, RESUME_DATE, EDU_GRADE, EDU_SCHOOL, EDU_LOC, EDU_TYPE, EDU_MAJOR, EDU_BEGIN_DATE, EDU_END_DATE, EDU_IS_OVER, EDU_SCORE, BE_COMPANY, BE_CAREER, BE_TYPE, BE_POSITION, HOPE_TYPE, HOPE_SAL, HOPE_LOC, HOPE_TIME, MEM_EMAIL) 
    VALUES (3, '한인식의 이력서3', SYSDATE, '대학교(2,3년제)', '울산과학대학교', '울산', '공학계열', '전기학과', '2014-03-01', '2020-02-14', '졸업', 3.9, '삼미기계', 2, '생산.제조', '조립', 'IT.인터넷', '10000', '서울', '주3일', 'gksdudrms0@naver.com');
INSERT INTO MEM_RESUME (RESUME_NUM, RESUME_NAME, RESUME_DATE, EDU_GRADE, EDU_SCHOOL, EDU_LOC, EDU_TYPE, EDU_MAJOR, EDU_BEGIN_DATE, EDU_END_DATE, EDU_IS_OVER, EDU_SCORE, BE_COMPANY, BE_CAREER, BE_TYPE, BE_POSITION, HOPE_TYPE, HOPE_SAL, HOPE_LOC, HOPE_TIME, MEM_EMAIL) 
    VALUES (4, '한인식의 이력서4', SYSDATE, '대학교(2,3년제)', '울산과학대학교', '울산', '공학계열', '전기학과', '2014-03-01', '2020-02-14', '졸업', 3.9, '삼미기계', 2, '생산.제조', '조립', 'IT.인터넷', '10000', '서울', '주3일', 'gksdudrms0@naver.com');
INSERT INTO MEM_RESUME (RESUME_NUM, RESUME_NAME, RESUME_DATE, EDU_GRADE, EDU_SCHOOL, EDU_LOC, EDU_TYPE, EDU_MAJOR, EDU_BEGIN_DATE, EDU_END_DATE, EDU_IS_OVER, EDU_SCORE, BE_COMPANY, BE_CAREER, BE_TYPE, BE_POSITION, HOPE_TYPE, HOPE_SAL, HOPE_LOC, HOPE_TIME, MEM_EMAIL) 
    VALUES (5, '한인식의 이력서5', SYSDATE, '대학교(2,3년제)', '울산과학대학교', '울산', '공학계열', '전기학과', '2014-03-01', '2020-02-14', '졸업', 3.9, '삼미기계', 2, '생산.제조', '조립', 'IT.인터넷', '10000', '서울', '주3일', 'gksdudrms0@naver.com');
INSERT INTO MEM_RESUME (RESUME_NUM, RESUME_NAME, RESUME_DATE, EDU_GRADE, EDU_SCHOOL, EDU_LOC, EDU_TYPE, EDU_MAJOR, EDU_BEGIN_DATE, EDU_END_DATE, EDU_IS_OVER, EDU_SCORE, BE_COMPANY, BE_CAREER, BE_TYPE, BE_POSITION, HOPE_TYPE, HOPE_SAL, HOPE_LOC, HOPE_TIME, MEM_EMAIL) 
    VALUES (6, '이유정의 이력서1', SYSDATE, '대학교(4년제)', '울산대학교', '울산', '사회과학계열', '국제관계학과', '2016-03-02', '2020-08-14', '졸업', 3.86, '맥도날드', 1, '서비스', '주방', 'IT.인터넷', '10000', '도쿄', '주5일', 'shyj221@naver.com');
INSERT INTO MEM_RESUME (RESUME_NUM, RESUME_NAME, RESUME_DATE, EDU_GRADE, EDU_SCHOOL, EDU_LOC, EDU_TYPE, EDU_MAJOR, EDU_BEGIN_DATE, EDU_END_DATE, EDU_IS_OVER, EDU_SCORE, BE_COMPANY, BE_CAREER, BE_TYPE, BE_POSITION, HOPE_TYPE, HOPE_SAL, HOPE_LOC, HOPE_TIME, MEM_EMAIL) 
    VALUES (7, '이유정의 이력서2', SYSDATE, '대학교(4년제)', '울산대학교', '울산', '사회과학계열', '국제관계학과', '2016-03-02', '2020-08-14', '졸업', 3.86, '맥도날드', 1, '서비스', '주방', 'IT.인터넷', '10000', '도쿄', '주5일', 'shyj221@naver.com');
INSERT INTO MEM_RESUME (RESUME_NUM, RESUME_NAME, RESUME_DATE, EDU_GRADE, EDU_SCHOOL, EDU_LOC, EDU_TYPE, EDU_MAJOR, EDU_BEGIN_DATE, EDU_END_DATE, EDU_IS_OVER, EDU_SCORE, BE_COMPANY, BE_CAREER, BE_TYPE, BE_POSITION, HOPE_TYPE, HOPE_SAL, HOPE_LOC, HOPE_TIME, MEM_EMAIL) 
    VALUES (8, '이유정의 이력서3', SYSDATE, '대학교(4년제)', '울산대학교', '울산', '사회과학계열', '국제관계학과', '2016-03-02', '2020-08-14', '졸업', 3.86, '맥도날드', 1, '서비스', '주방', 'IT.인터넷', '10000', '도쿄', '주5일', 'shyj221@naver.com');
INSERT INTO MEM_RESUME (RESUME_NUM, RESUME_NAME, RESUME_DATE, EDU_GRADE, EDU_SCHOOL, EDU_LOC, EDU_TYPE, EDU_MAJOR, EDU_BEGIN_DATE, EDU_END_DATE, EDU_IS_OVER, EDU_SCORE, BE_COMPANY, BE_CAREER, BE_TYPE, BE_POSITION, HOPE_TYPE, HOPE_SAL, HOPE_LOC, HOPE_TIME, MEM_EMAIL) 
    VALUES (9, '이유정의 이력서4', SYSDATE, '대학교(4년제)', '울산대학교', '울산', '사회과학계열', '국제관계학과', '2016-03-02', '2020-08-14', '졸업', 3.86, '맥도날드', 1, '서비스', '주방', 'IT.인터넷', '10000', '도쿄', '주5일', 'shyj221@naver.com');
INSERT INTO MEM_RESUME (RESUME_NUM, RESUME_NAME, RESUME_DATE, EDU_GRADE, EDU_SCHOOL, EDU_LOC, EDU_TYPE, EDU_MAJOR, EDU_BEGIN_DATE, EDU_END_DATE, EDU_IS_OVER, EDU_SCORE, BE_COMPANY, BE_CAREER, BE_TYPE, BE_POSITION, HOPE_TYPE, HOPE_SAL, HOPE_LOC, HOPE_TIME, MEM_EMAIL) 
    VALUES (10, '이유정의 이력서5', SYSDATE, '대학교(4년제)', '울산대학교', '울산', '사회과학계열', '국제관계학과', '2016-03-02', '2020-08-14', '졸업', 3.86, '맥도날드', 1, '서비스', '주방', 'IT.인터넷', '10000', '도쿄', '주5일', 'shyj221@naver.com');
INSERT INTO MEM_RESUME (RESUME_NUM, RESUME_NAME, RESUME_DATE, EDU_GRADE, EDU_SCHOOL, EDU_LOC, EDU_TYPE, EDU_MAJOR, EDU_BEGIN_DATE, EDU_END_DATE, EDU_IS_OVER, EDU_SCORE, BE_COMPANY, BE_CAREER, BE_TYPE, BE_POSITION, HOPE_TYPE, HOPE_SAL, HOPE_LOC, HOPE_TIME, MEM_EMAIL) 
    VALUES (11, '권기준의 이력서1', SYSDATE, '대학교(4년제)', '울산대학교', '울산', '사회과학계열', '체육학과', '2016-03-02', '2020-08-14', '졸업', 4.5, '맥도날드', 1, '서비스', '유지보수', 'IT.인터넷', '10000', '울산', '주5일', 'gijun@naver.com');
INSERT INTO MEM_RESUME (RESUME_NUM, RESUME_NAME, RESUME_DATE, EDU_GRADE, EDU_SCHOOL, EDU_LOC, EDU_TYPE, EDU_MAJOR, EDU_BEGIN_DATE, EDU_END_DATE, EDU_IS_OVER, EDU_SCORE, BE_COMPANY, BE_CAREER, BE_TYPE, BE_POSITION, HOPE_TYPE, HOPE_SAL, HOPE_LOC, HOPE_TIME, MEM_EMAIL) 
    VALUES (12, '권기준의 이력서2', SYSDATE, '대학교(4년제)', '울산대학교', '울산', '사회과학계열', '체육학과', '2016-03-02', '2020-08-14', '졸업', 4.5, '맥도날드', 1, '서비스', '유지보수', 'IT.인터넷', '10000', '울산', '주5일', 'gijun@naver.com');
INSERT INTO MEM_RESUME (RESUME_NUM, RESUME_NAME, RESUME_DATE, EDU_GRADE, EDU_SCHOOL, EDU_LOC, EDU_TYPE, EDU_MAJOR, EDU_BEGIN_DATE, EDU_END_DATE, EDU_IS_OVER, EDU_SCORE, BE_COMPANY, BE_CAREER, BE_TYPE, BE_POSITION, HOPE_TYPE, HOPE_SAL, HOPE_LOC, HOPE_TIME, MEM_EMAIL) 
    VALUES (13, '권기준의 이력서3', SYSDATE, '대학교(4년제)', '울산대학교', '울산', '사회과학계열', '체육학과', '2016-03-02', '2020-08-14', '졸업', 4.5, '맥도날드', 1, '서비스', '유지보수', 'IT.인터넷', '10000', '울산', '주5일', 'gijun@naver.com');
INSERT INTO MEM_RESUME (RESUME_NUM, RESUME_NAME, RESUME_DATE, EDU_GRADE, EDU_SCHOOL, EDU_LOC, EDU_TYPE, EDU_MAJOR, EDU_BEGIN_DATE, EDU_END_DATE, EDU_IS_OVER, EDU_SCORE, BE_COMPANY, BE_CAREER, BE_TYPE, BE_POSITION, HOPE_TYPE, HOPE_SAL, HOPE_LOC, HOPE_TIME, MEM_EMAIL) 
    VALUES (14, '권기준의 이력서4', SYSDATE, '대학교(4년제)', '울산대학교', '울산', '사회과학계열', '체육학과', '2016-03-02', '2020-08-14', '졸업', 4.5, '맥도날드', 1, '서비스', '유지보수', 'IT.인터넷', '10000', '울산', '주5일', 'gijun@naver.com');
INSERT INTO MEM_RESUME (RESUME_NUM, RESUME_NAME, RESUME_DATE, EDU_GRADE, EDU_SCHOOL, EDU_LOC, EDU_TYPE, EDU_MAJOR, EDU_BEGIN_DATE, EDU_END_DATE, EDU_IS_OVER, EDU_SCORE, BE_COMPANY, BE_CAREER, BE_TYPE, BE_POSITION, HOPE_TYPE, HOPE_SAL, HOPE_LOC, HOPE_TIME, MEM_EMAIL) 
    VALUES (15, '권기준의 이력서5', SYSDATE, '대학교(4년제)', '울산대학교', '울산', '사회과학계열', '체육학과', '2016-03-02', '2020-08-14', '졸업', 4.5, '맥도날드', 1, '서비스', '유지보수', 'IT.인터넷', '10000', '울산', '주5일', 'gijun@naver.com');
INSERT INTO MEM_RESUME (RESUME_NUM, RESUME_NAME, RESUME_DATE, EDU_GRADE, EDU_SCHOOL, EDU_LOC, EDU_TYPE, EDU_MAJOR, EDU_BEGIN_DATE, EDU_END_DATE, EDU_IS_OVER, EDU_SCORE, BE_COMPANY, BE_CAREER, BE_TYPE, BE_POSITION, HOPE_TYPE, HOPE_SAL, HOPE_LOC, HOPE_TIME, MEM_EMAIL) 
    VALUES (16, '이준우의 이력서1', SYSDATE, '대학교(4년제)', 'KH대학교', '울산', '사회과학계열', '국제관계학과', '2016-03-02', '2020-08-14', '졸업', 4, '맥도날드', 1, '서비스', '주방', 'IT.인터넷', '10000', '울산', '주5일', 'junwoo@naver.com');
INSERT INTO MEM_RESUME (RESUME_NUM, RESUME_NAME, RESUME_DATE, EDU_GRADE, EDU_SCHOOL, EDU_LOC, EDU_TYPE, EDU_MAJOR, EDU_BEGIN_DATE, EDU_END_DATE, EDU_IS_OVER, EDU_SCORE, BE_COMPANY, BE_CAREER, BE_TYPE, BE_POSITION, HOPE_TYPE, HOPE_SAL, HOPE_LOC, HOPE_TIME, MEM_EMAIL) 
    VALUES (17, '이준우의 이력서2', SYSDATE, '대학교(4년제)', 'KH대학교', '울산', '사회과학계열', '국제관계학과', '2016-03-02', '2020-08-14', '졸업', 4, '맥도날드', 1, '서비스', '주방', 'IT.인터넷', '10000', '울산', '주5일', 'junwoo@naver.com');
INSERT INTO MEM_RESUME (RESUME_NUM, RESUME_NAME, RESUME_DATE, EDU_GRADE, EDU_SCHOOL, EDU_LOC, EDU_TYPE, EDU_MAJOR, EDU_BEGIN_DATE, EDU_END_DATE, EDU_IS_OVER, EDU_SCORE, BE_COMPANY, BE_CAREER, BE_TYPE, BE_POSITION, HOPE_TYPE, HOPE_SAL, HOPE_LOC, HOPE_TIME, MEM_EMAIL) 
    VALUES (18, '이준우의 이력서3', SYSDATE, '대학교(4년제)', 'KH대학교', '울산', '사회과학계열', '국제관계학과', '2016-03-02', '2020-08-14', '졸업', 4, '맥도날드', 1, '서비스', '주방', 'IT.인터넷', '10000', '울산', '주5일', 'junwoo@naver.com');
INSERT INTO MEM_RESUME (RESUME_NUM, RESUME_NAME, RESUME_DATE, EDU_GRADE, EDU_SCHOOL, EDU_LOC, EDU_TYPE, EDU_MAJOR, EDU_BEGIN_DATE, EDU_END_DATE, EDU_IS_OVER, EDU_SCORE, BE_COMPANY, BE_CAREER, BE_TYPE, BE_POSITION, HOPE_TYPE, HOPE_SAL, HOPE_LOC, HOPE_TIME, MEM_EMAIL) 
    VALUES (19, '이준우의 이력서4', SYSDATE, '대학교(4년제)', 'KH대학교', '울산', '사회과학계열', '국제관계학과', '2016-03-02', '2020-08-14', '졸업', 4, '맥도날드', 1, '서비스', '주방', 'IT.인터넷', '10000', '울산', '주5일', 'junwoo@naver.com');
INSERT INTO MEM_RESUME (RESUME_NUM, RESUME_NAME, RESUME_DATE, EDU_GRADE, EDU_SCHOOL, EDU_LOC, EDU_TYPE, EDU_MAJOR, EDU_BEGIN_DATE, EDU_END_DATE, EDU_IS_OVER, EDU_SCORE, BE_COMPANY, BE_CAREER, BE_TYPE, BE_POSITION, HOPE_TYPE, HOPE_SAL, HOPE_LOC, HOPE_TIME, MEM_EMAIL) 
    VALUES (20, '이준우의 이력서5', SYSDATE, '대학교(4년제)', 'KH대학교', '울산', '사회과학계열', '국제관계학과', '2016-03-02', '2020-08-14', '졸업', 4, '맥도날드', 1, '서비스', '주방', 'IT.인터넷', '10000', '울산', '주5일', 'junwoo@naver.com');

----------------------------------------------------------------------------

--자격증 DB
CREATE TABLE LICENSE(
    LIC_NUM     NUMBER            NOT NULL,
    LIC_NAME    VARCHAR2(100)     ,
    LIC_LOC     VARCHAR2(100)     ,
    LIC_GRADE   VARCHAR2(100)     ,
    LIC_DATE    DATE              ,
    RESUME_NUM NUMBER           NOT NULL,
    CONSTRAINT LIC_NUM_PK PRIMARY KEY (LIC_NUM),
     CONSTRAINT FK_LICENSE_RESUME FOREIGN KEY (RESUME_NUM) REFERENCES MEM_RESUME (RESUME_NUM)
);

COMMENT ON TABLE LICENSE IS '자격증';
COMMENT ON COLUMN LICENSE.LIC_NUM IS '자격증식별번호';
COMMENT ON COLUMN LICENSE.LIC_NAME IS '자격증명';
COMMENT ON COLUMN LICENSE.LIC_LOC IS '자격증발급처';
COMMENT ON COLUMN LICENSE.LIC_GRADE IS '자격증점수';
COMMENT ON COLUMN LICENSE.LIC_DATE IS '자격증취득일';
COMMENT ON COLUMN LICENSE.RESUME_NUM IS '이력서번호(FK)';

INSERT INTO LICENSE VALUES (1, 'JLPT', '일본국제교육지원협회', 'N1', '2018-08-19', 1);
INSERT INTO LICENSE VALUES (2, 'TOEIC', 'YBM', '645', '2020-02-14', 1);
INSERT INTO LICENSE VALUES (3,'JLPT','일본국제교육지원협회','N2','2018-08-08',6);
INSERT INTO LICENSE VALUES (4,'JPT', 'YBM', '850', '2019-02-14', 6);
INSERT INTO LICENSE VALUES (5,'유아체육지도자', '정부', '합격', '2019-02-14', 11);
---------------------------------------------------------------

--자기소개서 DB
CREATE TABLE PROFILES(
    PRO_NUM NUMBER              NOT NULL,
    PRO_TITLE VARCHAR2(100)    ,
    PRO_CONTENT VARCHAR2(1000) ,
    RESUME_NUM NUMBER           NOT NULL,
    CONSTRAINT PRO_NUM_PK PRIMARY KEY (PRO_NUM),
    CONSTRAINT FK_PROFILES_RESUME FOREIGN KEY (RESUME_NUM) REFERENCES MEM_RESUME (RESUME_NUM)
);

COMMENT ON TABLE PROFILES IS '자기소개서';
COMMENT ON COLUMN PROFILES.PRO_NUM IS '자기소개서식별번호';
COMMENT ON COLUMN PROFILES.PRO_TITLE IS '제목';
COMMENT ON COLUMN PROFILES.PRO_CONTENT IS '내용';
COMMENT ON COLUMN PROFILES.RESUME_NUM IS '이력서번호(FK)';

INSERT INTO PROFILES VALUES(1, '나는 한인식이다', '제목과 동일', 1);
INSERT INTO PROFILES VALUES(2, '나는 한인식이다', '제목과 동일', 1);
INSERT INTO PROFILES VALUES(3, '나는 한인식이다', '제목과 동일', 2);
INSERT INTO PROFILES VALUES(4, '나는 한인식이다', '제목과 동일', 2);
INSERT INTO PROFILES VALUES(5, '나는 한인식이다', '제목과 동일', 3);
INSERT INTO PROFILES VALUES(6, '나는 한인식이다', '제목과 동일', 3);
INSERT INTO PROFILES VALUES(7, '나는 한인식이다', '제목과 동일', 4);
INSERT INTO PROFILES VALUES(8, '나는 한인식이다', '제목과 동일', 4);
INSERT INTO PROFILES VALUES(9, '나는 한인식이다', '제목과 동일', 5);
INSERT INTO PROFILES VALUES(10, '나는 한인식이다', '제목과 동일', 5);

INSERT INTO PROFILES VALUES(11, '나는 이유정이다', '제목과 동일', 6);
INSERT INTO PROFILES VALUES(12, '나는 이유정이다', '제목과 동일', 6);
INSERT INTO PROFILES VALUES(13, '나는 이유정이다', '제목과 동일', 7);
INSERT INTO PROFILES VALUES(14, '나는 이유정이다', '제목과 동일', 7);
INSERT INTO PROFILES VALUES(15, '나는 이유정이다', '제목과 동일', 8);
INSERT INTO PROFILES VALUES(16, '나는 이유정이다', '제목과 동일', 8);
INSERT INTO PROFILES VALUES(17, '나는 이유정이다', '제목과 동일', 9);
INSERT INTO PROFILES VALUES(18, '나는 이유정이다', '제목과 동일', 9);
INSERT INTO PROFILES VALUES(19, '나는 이유정이다', '제목과 동일', 10);
INSERT INTO PROFILES VALUES(20, '나는 이유정이다', '제목과 동일', 10);

INSERT INTO PROFILES VALUES(21, '나는 권기준이다', '제목과 동일', 11);
INSERT INTO PROFILES VALUES(22, '나는 권기준이다', '제목과 동일', 11);
INSERT INTO PROFILES VALUES(23, '나는 권기준이다', '제목과 동일', 12);
INSERT INTO PROFILES VALUES(24, '나는 권기준이다', '제목과 동일', 12);
INSERT INTO PROFILES VALUES(25, '나는 권기준이다', '제목과 동일', 13);
INSERT INTO PROFILES VALUES(26, '나는 권기준이다', '제목과 동일', 13);
INSERT INTO PROFILES VALUES(27, '나는 권기준이다', '제목과 동일', 14);
INSERT INTO PROFILES VALUES(28, '나는 권기준이다', '제목과 동일', 14);
INSERT INTO PROFILES VALUES(29, '나는 권기준이다', '제목과 동일', 15);
INSERT INTO PROFILES VALUES(30, '나는 권기준이다', '제목과 동일', 15);

INSERT INTO PROFILES VALUES(31, '나는 이준우이다', '제목과 동일', 16);
INSERT INTO PROFILES VALUES(32, '나는 이준우이다', '제목과 동일', 16);
INSERT INTO PROFILES VALUES(33, '나는 이준우이다', '제목과 동일', 17);
INSERT INTO PROFILES VALUES(34, '나는 이준우이다', '제목과 동일', 17);
INSERT INTO PROFILES VALUES(35, '나는 이준우이다', '제목과 동일', 18);
INSERT INTO PROFILES VALUES(36, '나는 이준우이다', '제목과 동일', 18);
INSERT INTO PROFILES VALUES(37, '나는 이준우이다', '제목과 동일', 19);
INSERT INTO PROFILES VALUES(38, '나는 이준우이다', '제목과 동일', 19);
INSERT INTO PROFILES VALUES(39, '나는 이준우이다', '제목과 동일', 20);
INSERT INTO PROFILES VALUES(40, '나는 이준우이다', '제목과 동일', 20);

--------------------------------------------------------------------------------

--선호하는 기업 목록
CREATE TABLE LIKE_COMPANY(
    LIKE_NUM NUMBER PRIMARY KEY, 
    COM_NUM VARCHAR2(50)    NOT NULL, 
    MEM_EMAIL VARCHAR2(100) NOT NULL,  
    CONSTRAINT FK_COMPANY_NUM FOREIGN KEY (COM_NUM) REFERENCES COMPANY_INFO (COM_NUM),
    CONSTRAINT FK_MEM_EMAIL FOREIGN KEY (MEM_EMAIL) REFERENCES MEM_INFO (MEM_EMAIL)
);

COMMENT ON TABLE LIKE_COMPANY IS '선호기업';
COMMENT ON COLUMN LIKE_COMPANY.LIKE_NUM IS '선호기업 번호';
COMMENT ON COLUMN LIKE_COMPANY.COM_NUM IS '사업자번호';
COMMENT ON COLUMN LIKE_COMPANY.MEM_EMAIL IS '이메일';





COMMIT;